114,Tシャツ/カットソー(半袖/袖なし),1/11,1
11,トップス,1,0
12,ジャケット/アウター,1,0
13,パンツ,1,0
14,スカート,1,0
15,ワンピース,1,0
16,靴,1,0
17,ルームウェア/パジャマ,1,0
18,レッグウェア,1,0
19,帽子,1,0
20,バッグ,1,0
21,アクセサリー,1,0
22,ヘアアクセサリー,1,0
23,小物,1,0
24,時計,1,0
25,ウィッグ/エクステ,1,0
26,浴衣/水着,1,0
27,スーツ/フォーマル/ドレス,1,0
28,マタニティ,1,0
29,その他,1,0
30,トップス,2,0
31,ジャケット/アウター,2,0
32,パンツ,2,0
33,靴,2,0
34,バッグ,2,0
35,スーツ,2,0
36,帽子,2,0
37,アクセサリー,2,0
38,小物,2,0
39,時計,2,0
40,水着,2,0
41,レッグウェア,2,0
42,アンダーウェア,2,0
43,その他,2,0
44,ベビー服(女の子用)~95cm,3,0
45,キッズ服(女の子用)100cm~,3,0
46,キッズ服(男の子用)100cm~,3,0
47,キッズ服(男女兼用)100cm~,3,0
48,キッズ靴,3,0
49,子ども用ファッション小物,3,0
50,おむつ/トイレ/バス,3,0
51,外出/移動用品,3,0
52,授乳/食事,3,0
53,ベビー家具/寝具/室内用品,3,0
54,おもちゃ,3,0
55,行事/記念品,3,0
56,その他,3,0
1031,ベビー服(男の子用)~95cm,3,0
1193,ベビー服(男女兼用)~95cm,3,0
57,キッチン/食器,4,0
58,ベッド/マットレス,4,0
59,ソファ/ソファベッド,4,0
60,椅子/チェア,4,0
61,机/テーブル,4,0
62,収納家具,4,0
63,ラグ/カーペット/マット,4,0
64,カーテン/ブラインド,4,0
65,ライト/照明,4,0
66,寝具,4,0
67,インテリア小物,4,0
68,季節/年中行事,4,0
69,その他,4,0
70,漫画,5,0
71,本,5,0
72,雑誌,5,0
73,DVD/ブルーレイ,5,0
74,CD,5,0
75,テレビゲーム,5,0
77,チケット,5,0
1065,レコード,5,0
86,香水,6,0
87,ベースメイク,6,0
88,ネイルケア,6,0
89,ヘアケア,6,0
90,ボディケア,6,0
91,オーラルケア,6,0
92,リラクゼーション,6,0
93,ダイエット,6,0
94,その他,6,0
1151,スキンケア/基礎化粧品,6,0
1268,メイクアップ,6,0
95,PC/タブレット,7,0
96,カメラ,7,0
97,テレビ/映像機器,7,0
98,オーディオ機器,7,0
99,スマートフォン/携帯電話,7,0
100,生活家電,7,0
101,その他,7,0
833,スマホアクセサリー,7,0
1132,美容/健康,7,0
1137,冷暖房/空調,7,0
102,その他スポーツ,8,0
103,スノーボード,8,0
104,その他,8,0
855,野球,8,0
856,サッカー/フットサル,8,0
863,テニス,8,0
1054,自転車,8,0
1059,トレーニング/エクササイズ,8,0
1069,アウトドア,8,0
1077,フィッシング,8,0
1088,ゴルフ,8,0
1111,スキー,8,0
105,ファッション/小物,9,0
106,アクセサリー/時計,9,0
107,日用品/インテリア,9,0
108,趣味/おもちゃ,9,0
109,キッズ/ベビー,9,0
110,その他,9,0
885,アクセサリー(女性用),9,0
1021,素材/材料,9,0
1204,二次創作物,9,0
1278,ペット用品,10,0
1279,食品,10,0
1280,日用品/生活雑貨/旅行,10,0
1281,事務/店舗用品,10,0
1282,その他,10,0
1294,飲料/酒,10,0
1309,まとめ売り,10,0
1318,文房具/事務用品,10,0
1329,アンティーク/コレクション,10,0
953,音楽,952,0
962,スポーツ,952,0
974,演劇/芸能,952,0
984,イベント,952,0
989,映画,952,0
993,施設利用券,952,0
1004,優待券/割引券,952,0
1010,乗車券/交通券,952,0
1014,その他,952,0
112,自動車アクセサリー,1203,0
113,オートバイアクセサリー,1203,0
907,自動車パーツ,1203,0
910,オートバイ車体,1203,0
912,オートバイパーツ,1203,0
1212,自動車本体,1203,0
1213,自動車タイヤ/ホイール,1203,0
76,タレントグッズ,1211,0
78,楽器/器材,1211,0
79,ミリタリー,1211,0
80,フィギュア,1211,0
81,トレーディングカード,1211,0
82,おもちゃ,1211,0
83,美術品,1211,0
84,アート用品,1211,0
85,その他,1211,0
111,コレクション,1211,0
927,コミック/アニメグッズ,1211,0
115,Tシャツ/カットソー(七分/長袖),1/11,1
116,シャツ/ブラウス(半袖/袖なし),1/11,1
117,シャツ/ブラウス(七分/長袖),1/11,1
118,ポロシャツ,1/11,1
119,キャミソール,1/11,1
120,タンクトップ,1/11,1
121,ホルターネック,1/11,1
122,ニット/セーター,1/11,1
123,チュニック,1/11,1
124,カーディガン/ボレロ,1/11,1
125,アンサンブル,1/11,1
126,ベスト/ジレ,1/11,1
127,パーカー,1/11,1
128,トレーナー/スウェット,1/11,1
129,ベアトップ/チューブトップ,1/11,1
130,ジャージ,1/11,1
131,その他,1/11,1
132,テーラードジャケット,1/12,1
133,ノーカラージャケット,1/12,1
134,Gジャン/デニムジャケット,1/12,1
135,レザージャケット,1/12,1
136,ダウンジャケット,1/12,1
137,ライダースジャケット,1/12,1
138,ミリタリージャケット,1/12,1
139,ダウンベスト,1/12,1
140,ジャンパー/ブルゾン,1/12,1
141,ポンチョ,1/12,1
142,スタジャン,1/12,1
143,スカジャン,1/12,1
144,ロングコート,1/12,1
145,トレンチコート,1/12,1
146,ダッフルコート,1/12,1
147,ピーコート,1/12,1
148,毛皮/ファーコート,1/12,1
149,スプリングコート,1/12,1
150,その他,1/12,1
1052,チェスターコート,1/12,1
1057,モッズコート,1/12,1
151,デニム/ジーンズ,1/13,1
152,ショートパンツ,1/13,1
153,カジュアルパンツ,1/13,1
154,ハーフパンツ,1/13,1
155,チノパン,1/13,1
156,ワークパンツ/カーゴパンツ,1/13,1
157,クロップドパンツ,1/13,1
158,サロペット/オーバーオール,1/13,1
159,オールインワン,1/13,1
160,サルエルパンツ,1/13,1
161,その他,1/13,1
1051,ガウチョパンツ,1/13,1
162,ミニスカート,1/14,1
163,ひざ丈スカート,1/14,1
164,ロングスカート,1/14,1
165,キュロット,1/14,1
166,その他,1/14,1
167,ミニワンピース,1/15,1
168,ひざ丈ワンピース,1/15,1
169,ロングワンピース,1/15,1
170,その他,1/15,1
171,ハイヒール/パンプス,1/16,2
172,ブーツ,1/16,2
173,サンダル,1/16,2
174,スニーカー,1/16,2
175,ミュール,1/16,2
176,モカシン,1/16,2
177,ローファー/革靴,1/16,2
178,フラットシューズ/バレエシューズ,1/16,2
179,長靴/レインシューズ,1/16,2
180,その他,1/16,2
181,パジャマ,1/17,1
182,ルームウェア,1/17,1
183,ソックス,1/18,0
184,スパッツ/レギンス,1/18,0
185,ストッキング/タイツ,1/18,0
186,レッグウォーマー,1/18,0
187,その他,1/18,0
188,ニットキャップ/ビーニー,1/19,0
189,ハット,1/19,0
190,ハンチング/ベレー帽,1/19,0
191,キャップ,1/19,0
192,キャスケット,1/19,0
193,麦わら帽子,1/19,0
194,その他,1/19,0
195,ハンドバッグ,1/20,0
196,トートバッグ,1/20,0
197,エコバッグ,1/20,0
198,リュック/バックパック,1/20,0
199,ボストンバッグ,1/20,0
200,スポーツバッグ,1/20,0
201,ショルダーバッグ,1/20,0
202,クラッチバッグ,1/20,0
203,ポーチ/バニティ,1/20,0
204,ボディバッグ/ウェストバッグ,1/20,0
205,マザーズバッグ,1/20,0
206,メッセンジャーバッグ,1/20,0
207,ビジネスバッグ,1/20,0
208,旅行用バッグ/キャリーバッグ,1/20,0
209,ショップ袋,1/20,0
210,和装用バッグ,1/20,0
211,かごバッグ,1/20,0
212,その他,1/20,0
213,ネックレス,1/21,0
214,ブレスレット,1/21,0
215,バングル/リストバンド,1/21,0
216,リング,1/21,0
217,ピアス(片耳用),1/21,0
218,ピアス(両耳用),1/21,0
219,イヤリング,1/21,0
220,アンクレット,1/21,0
221,ブローチ/コサージュ,1/21,0
222,チャーム,1/21,0
223,その他,1/21,0
224,ヘアゴム/シュシュ,1/22,0
225,ヘアバンド/カチューシャ,1/22,0
226,ヘアピン,1/22,0
227,その他,1/22,0
228,長財布,1/23,0
229,折り財布,1/23,0
230,コインケース/小銭入れ,1/23,0
231,名刺入れ/定期入れ,1/23,0
232,キーケース,1/23,0
233,キーホルダー,1/23,0
234,手袋/アームカバー,1/23,0
235,ハンカチ,1/23,0
236,ベルト,1/23,0
237,マフラー/ショール,1/23,0
238,ストール/スヌード,1/23,0
239,バンダナ/スカーフ,1/23,0
240,ネックウォーマー,1/23,0
241,サスペンダー,1/23,0
242,サングラス/メガネ,1/23,0
243,リストバンド,1/23,0
244,モバイルケース/カバー,1/23,0
245,手帳,1/23,0
246,イヤマフラー,1/23,0
247,傘,1/23,0
248,レインコート/ポンチョ,1/23,0
249,ミラー,1/23,0
250,タバコグッズ,1/23,0
251,その他,1/23,0
252,腕時計(アナログ),1/24,0
253,腕時計(デジタル),1/24,0
254,ラバーベルト,1/24,0
255,レザーベルト,1/24,0
256,金属ベルト,1/24,0
257,その他,1/24,0
258,前髪ウィッグ,1/25,0
259,ロングストレート,1/25,0
260,ロングカール,1/25,0
261,ショートストレート,1/25,0
262,ショートカール,1/25,0
263,その他,1/25,0
264,浴衣,1/26,0
265,着物,1/26,0
266,振袖,1/26,0
267,長襦袢/半襦袢,1/26,0
268,水着セパレート,1/26,1
269,水着ワンピース,1/26,1
270,水着スポーツ用,1/26,1
271,その他,1/26,0
272,パンツスーツ上下,1/27,1
273,ドレス,1/27,1
274,パーティーバッグ,1/27,0
275,シューズ,1/27,0
276,その他,1/27,0
1015,ウェディング,1/27,0
1063,スカートスーツ上下,1/27,1
277,トップス,1/28,1
278,アウター,1/28,1
279,インナー,1/28,1
280,ワンピース,1/28,1
281,パンツ/スパッツ,1/28,1
282,スカート,1/28,1
283,パジャマ,1/28,1
284,授乳服,1/28,1
285,その他,1/28,0
286,コスプレ,1/29,0
287,その他,1/29,0
1210,下着,1/29,0
1283,犬用品,10/1278,0
1284,猫用品,10/1278,0
1285,小動物用品,10/1278,0
1286,鳥用品,10/1278,0
1287,魚用品/水草,10/1278,0
1288,爬虫類/両生類用品,10/1278,0
1289,虫類用品,10/1278,0
1290,かご/おり,10/1278,0
1291,ペットフード,10/1278,0
1292,その他,10/1278,0
1293,食品,10/1279,0
1295,その他,10/1279,0
1310,魚介類(加工食品),10/1279,0
1311,肉類(加工食品),10/1279,0
1312,米,10/1279,0
1313,野菜,10/1279,0
1314,果物,10/1279,0
1315,その他加工食品,10/1279,0
1316,菓子,10/1279,0
1317,調味料,10/1279,0
1296,洗剤/柔軟剤,10/1280,0
1297,日用品/生活雑貨,10/1280,0
1298,タオル/バス用品,10/1280,0
1299,文房具/事務用品,10/1280,0
1300,旅行用品,10/1280,0
1301,防災関連グッズ,10/1280,0
1302,その他,10/1280,0
1303,店舗用品,10/1281,0
1304,OA機器,10/1281,0
1305,オフィス家具,10/1281,0
1306,オフィス用品一般,10/1281,0
1307,ラッピング/包装,10/1281,0
1308,その他,10/1281,0
1335,コーヒー,10/1294,0
1336,ソフトドリンク,10/1294,0
1337,ミネラルウォーター,10/1294,0
1338,茶,10/1294,0
1339,ウイスキー,10/1294,0
1340,ワイン,10/1294,0
1341,ブランデー,10/1294,0
1342,焼酎,10/1294,0
1343,日本酒,10/1294,0
1344,ビール、発泡酒,10/1294,0
1345,その他,10/1294,0
1319,筆記具,10/1318,0
1320,ノート/メモ帳,10/1318,0
1321,ファイル/バインダー,10/1318,0
1322,はさみ/カッター,10/1318,0
1323,のり/ホッチキス,10/1318,0
1324,テープ/マスキングテープ,10/1318,0
1325,カードホルダー/名刺管理,10/1318,0
1326,カレンダー/スケジュール,10/1318,0
1327,アルバム/スクラップ,10/1318,0
1328,その他,10/1318,0
1330,工芸品,10/1329,0
1331,雑貨,10/1329,0
1332,印刷物,10/1329,0
1333,家具,10/1329,0
1334,その他,10/1329,0
909,その他,1203/112,0
1036,カーナビ,1203/112,0
1037,カーオーディオ,1203/112,0
1038,車外アクセサリー,1203/112,0
1039,メンテナンス用品,1203/112,0
1040,ETC,1203/112,0
1045,カタログ/マニュアル,1203/112,0
1148,ドライブレコーダー,1203/112,0
1165,車内アクセサリー,1203/112,0
1166,レーダー探知機,1203/112,0
1167,セキュリティ,1203/112,0
1194,チャイルドシート,1203/112,0
911,外国オートバイ本体,1203/113,0
914,その他,1203/113,0
1041,ヘルメット/シールド,1203/113,0
1042,バイクウエア/装備,1203/113,0
1043,アクセサリー,1203/113,0
1044,メンテナンス,1203/113,0
1046,カタログ/マニュアル,1203/113,0
905,国内自動車本体,1203/1212,0
906,外国自動車本体,1203/1212,0
1032,タイヤ/ホイールセット,1203/1213,4
1034,タイヤ,1203/1213,4
1035,ホイール,1203/1213,4
1214,その他,1203/1213,4
908,外国自動車用パーツ,1203/907,0
1033,汎用パーツ,1203/907,0
1215,サスペンション,1203/907,0
1216,ブレーキ,1203/907,0
1217,外装、エアロパーツ,1203/907,0
1218,ライト,1203/907,0
1219,内装品、シート,1203/907,0
1220,ステアリング,1203/907,0
1221,マフラー・排気系,1203/907,0
1222,エンジン、過給器、冷却装置,1203/907,0
1223,クラッチ、ミッション、駆動系,1203/907,0
1224,電装品,1203/907,0
1225,補強パーツ,1203/907,0
1226,その他,1203/907,0
913,外国オートバイ用パーツ,1203/912,0
1227,タイヤ,1203/912,0
1228,マフラー,1203/912,0
1229,エンジン、冷却装置,1203/912,0
1230,カウル、フェンダー、外装,1203/912,0
1231,サスペンション,1203/912,0
1232,ホイール,1203/912,0
1233,シート,1203/912,0
1234,ブレーキ,1203/912,0
1235,タンク,1203/912,0
1236,ライト、ウィンカー,1203/912,0
1237,チェーン、スプロケット、駆動系,1203/912,0
1238,メーター,1203/912,0
1239,電装系,1203/912,0
1240,ミラー,1203/912,0
1241,その他,1203/912,0
899,武具,1211/111,0
900,切手/官製はがき,1211/111,0
901,貨幣/金貨/銀貨/記念硬貨,1211/111,0
902,印刷物,1211/111,0
903,ノベルティグッズ,1211/111,0
904,その他,1211/111,0
681,アイドル,1211/76,0
682,ミュージシャン,1211/76,0
683,タレント/お笑い芸人,1211/76,0
684,スポーツ選手,1211/76,0
685,その他,1211/76,0
689,エレキギター,1211/78,0
690,ベース,1211/78,0
691,弦楽器,1211/78,0
692,管楽器,1211/78,0
693,鍵盤楽器,1211/78,0
694,打楽器,1211/78,0
695,和楽器,1211/78,0
696,レコーディング/PA機器,1211/78,0
697,DJ機器,1211/78,0
698,DTM/DAW,1211/78,0
699,アンプ,1211/78,0
700,その他,1211/78,0
1064,楽譜/スコア,1211/78,0
1183,エフェクター,1211/78,0
1184,アコースティックギター,1211/78,0
701,トイガン,1211/79,0
702,個人装備,1211/79,0
704,その他,1211/79,0
705,コミック/アニメ,1211/80,0
706,特撮,1211/80,0
707,ゲームキャラクター,1211/80,0
708,SF/ファンタジー/ホラー,1211/80,0
709,アメコミ,1211/80,0
710,スポーツ,1211/80,0
711,ミリタリー,1211/80,0
712,その他,1211/80,0
713,その他,1211/81,0
1058,遊戯王,1211/81,0
1174,マジック：ザ・ギャザリング,1211/81,0
1175,ポケモンカードゲーム,1211/81,0
1176,デュエルマスターズ,1211/81,0
1177,アイカツ,1211/81,0
1178,カードファイト!!ヴァンガード,1211/81,0
1179,ヴァイスシュヴァルツ,1211/81,0
1180,プロ野球オーナーズリーグ,1211/81,0
1181,ベースボールヒーローズ,1211/81,0
1182,ドラゴンボール,1211/81,0
1206,スリーブ,1211/81,0
1207,プリパラ,1211/81,0
1208,バトルスピリッツ,1211/81,0
703,小物/アクセサリー,1211/82,0
714,ぬいぐるみ,1211/82,0
715,模型/プラモデル,1211/82,0
716,ミニカー,1211/82,0
717,キャラクターグッズ,1211/82,0
718,トイラジコン,1211/82,0
719,プラモデル,1211/82,0
720,ホビーラジコン,1211/82,0
721,鉄道模型,1211/82,0
722,その他,1211/82,0
723,陶芸,1211/83,0
724,ガラス,1211/83,0
725,漆芸,1211/83,0
726,金属工芸,1211/83,0
727,絵画/タペストリ,1211/83,0
728,版画,1211/83,0
729,彫刻/オブジェクト,1211/83,0
730,書,1211/83,0
731,写真,1211/83,0
732,その他,1211/83,0
733,画材,1211/84,0
734,額縁,1211/84,0
735,その他,1211/84,0
736,トランプ/UNO,1211/85,0
737,カルタ/百人一首,1211/85,0
738,囲碁/将棋,1211/85,0
739,オセロ/チェス,1211/85,0
740,人生ゲーム,1211/85,0
741,野球/サッカーゲーム,1211/85,0
742,スポーツ,1211/85,0
743,三輪車/乗り物,1211/85,0
744,ヨーヨー,1211/85,0
745,ダーツ,1211/85,0
746,ビリヤード,1211/85,0
747,麻雀,1211/85,0
748,模型製作用品,1211/85,0
749,鉄道,1211/85,0
750,航空機,1211/85,0
751,アマチュア無線,1211/85,0
752,パチンコ/パチスロ,1211/85,0
753,その他,1211/85,0
1062,パズル/ジグソーパズル,1211/85,0
928,ストラップ,1211/927,0
929,キーホルダー,1211/927,0
930,バッジ,1211/927,0
931,カード,1211/927,0
932,クリアファイル,1211/927,0
933,ポスター,1211/927,0
934,タオル,1211/927,0
935,その他,1211/927,0
288,Tシャツ/カットソー(半袖/袖なし),2/30,0
289,Tシャツ/カットソー(七分/長袖),2/30,0
290,シャツ,2/30,0
291,ポロシャツ,2/30,0
292,タンクトップ,2/30,0
293,ニット/セーター,2/30,0
294,パーカー,2/30,0
295,カーディガン,2/30,0
296,スウェット,2/30,0
297,ジャージ,2/30,0
298,ベスト,2/30,0
299,その他,2/30,0
300,テーラードジャケット,2/31,1
301,ノーカラージャケット,2/31,1
302,Gジャン/デニムジャケット,2/31,1
303,レザージャケット,2/31,1
304,ダウンジャケット,2/31,1
305,ライダースジャケット,2/31,1
306,ミリタリージャケット,2/31,1
307,ナイロンジャケット,2/31,1
308,フライトジャケット,2/31,1
309,ダッフルコート,2/31,1
310,ピーコート,2/31,1
311,ステンカラーコート,2/31,1
312,トレンチコート,2/31,1
313,モッズコート,2/31,1
314,スタジャン,2/31,1
315,スカジャン,2/31,1
316,ブルゾン,2/31,1
317,ポンチョ,2/31,1
318,マウンテンパーカー,2/31,1
319,カバーオール,2/31,1
320,ダウンベスト,2/31,1
321,その他,2/31,1
1055,チェスターコート,2/31,1
322,デニム/ジーンズ,2/32,1
323,ワークパンツ/カーゴパンツ,2/32,1
324,スラックス,2/32,1
325,チノパン,2/32,1
326,ショートパンツ,2/32,1
327,ペインターパンツ,2/32,1
328,サルエルパンツ,2/32,1
329,オーバーオール,2/32,1
330,その他,2/32,1
331,スニーカー,2/33,3
332,サンダル,2/33,3
333,ブーツ,2/33,3
334,モカシン,2/33,3
335,ドレス/ビジネス,2/33,3
336,長靴/レインシューズ,2/33,3
337,その他,2/33,3
926,デッキシューズ,2/33,3
338,ショルダーバッグ,2/34,0
339,トートバッグ,2/34,0
340,ボストンバッグ,2/34,0
341,リュック/バックパック,2/34,0
342,ウエストポーチ,2/34,0
343,ボディーバッグ,2/34,0
344,ドラムバッグ,2/34,0
345,ビジネスバッグ,2/34,0
346,トラベルバッグ,2/34,0
347,メッセンジャーバッグ,2/34,0
348,エコバッグ,2/34,0
349,その他,2/34,0
350,スーツジャケット,2/35,1
351,スーツベスト,2/35,1
352,スラックス,2/35,1
353,セットアップ,2/35,1
354,その他,2/35,0
355,キャップ,2/36,0
356,ハット,2/36,0
357,ニットキャップ/ビーニー,2/36,0
358,ハンチング/ベレー帽,2/36,0
359,キャスケット,2/36,0
360,サンバイザー,2/36,0
361,その他,2/36,0
362,ネックレス,2/37,0
363,ブレスレット,2/37,0
364,バングル/リストバンド,2/37,0
365,リング,2/37,0
366,ピアス(片耳用),2/37,0
367,ピアス(両耳用),2/37,0
368,アンクレット,2/37,0
369,その他,2/37,0
370,長財布,2/38,0
371,折り財布,2/38,0
372,マネークリップ,2/38,0
373,コインケース/小銭入れ,2/38,0
374,名刺入れ/定期入れ,2/38,0
375,キーケース,2/38,0
376,キーホルダー,2/38,0
377,ネクタイ,2/38,0
378,手袋,2/38,0
379,ハンカチ,2/38,0
380,ベルト,2/38,0
381,マフラー,2/38,0
382,ストール,2/38,0
383,バンダナ,2/38,0
384,ネックウォーマー,2/38,0
385,サスペンダー,2/38,0
386,ウォレットチェーン,2/38,0
387,サングラス/メガネ,2/38,0
388,モバイルケース/カバー,2/38,0
389,手帳,2/38,0
390,ストラップ,2/38,0
391,ネクタイピン,2/38,0
392,カフリンクス,2/38,0
393,イヤマフラー,2/38,0
394,傘,2/38,0
395,レインコート,2/38,0
396,ミラー,2/38,0
397,タバコグッズ,2/38,0
398,その他,2/38,0
399,腕時計(アナログ),2/39,0
400,腕時計(デジタル),2/39,0
401,ラバーベルト,2/39,0
402,レザーベルト,2/39,0
403,金属ベルト,2/39,0
404,その他,2/39,0
405,一般水着,2/40,1
406,スポーツ用,2/40,1
407,アクセサリー,2/40,0
408,その他,2/40,0
409,ソックス,2/41,0
410,レギンス/スパッツ,2/41,0
411,レッグウォーマー,2/41,0
412,その他,2/41,0
413,トランクス,2/42,1
414,ボクサーパンツ,2/42,1
415,その他,2/42,0
1185,トップス,3/1031,5
1186,アウター,3/1031,5
1187,パンツ,3/1031,5
1188,おくるみ,3/1031,5
1189,下着/肌着,3/1031,5
1190,パジャマ,3/1031,5
1191,ロンパース,3/1031,5
1192,その他,3/1031,5
1195,トップス,3/1193,5
1196,アウター,3/1193,5
1197,パンツ,3/1193,5
1198,おくるみ,3/1193,5
1199,下着/肌着,3/1193,5
1200,パジャマ,3/1193,5
1201,ロンパース,3/1193,5
1202,その他,3/1193,5
416,トップス,3/44,5
417,アウター,3/44,5
418,パンツ,3/44,5
419,スカート,3/44,5
420,ワンピース,3/44,5
421,ベビードレス,3/44,5
422,おくるみ,3/44,5
423,下着/肌着,3/44,5
424,パジャマ,3/44,5
425,その他,3/44,5
949,ロンパース,3/44,5
426,コート,3/45,6
427,ジャケット/上着,3/45,6
428,トップス(Tシャツ/カットソー),3/45,6
429,トップス(トレーナー),3/45,6
430,スカート,3/45,6
431,パンツ,3/45,6
432,ワンピース,3/45,6
433,セットアップ,3/45,6
434,パジャマ,3/45,6
435,フォーマル/ドレス,3/45,6
436,ロンパース,3/45,6
437,和服,3/45,6
438,浴衣,3/45,6
439,甚平,3/45,6
440,水着,3/45,6
441,その他,3/45,6
915,トップス(チュニック),3/45,6
916,トップス(タンクトップ),3/45,6
917,トップス(その他),3/45,6
442,コート,3/46,6
443,ジャケット/上着,3/46,6
444,トップス(Tシャツ/カットソー),3/46,6
445,トップス(トレーナー),3/46,6
446,パンツ,3/46,6
447,セットアップ,3/46,6
448,パジャマ,3/46,6
449,フォーマル/ドレス,3/46,6
450,和服,3/46,6
451,浴衣,3/46,6
452,甚平,3/46,6
453,水着,3/46,6
454,その他,3/46,6
918,トップス(その他),3/46,6
455,コート,3/47,6
456,ジャケット/上着,3/47,6
457,トップス(Tシャツ/カットソー),3/47,6
458,トップス(トレーナー),3/47,6
459,ボトムス,3/47,6
460,パジャマ,3/47,6
461,その他,3/47,6
919,トップス(その他),3/47,6
462,スニーカー,3/48,7
463,サンダル,3/48,7
464,ブーツ,3/48,7
465,長靴,3/48,7
466,その他,3/48,7
467,エプロン,3/49,0
468,サスペンダー,3/49,0
469,タイツ,3/49,0
470,ハンカチ,3/49,0
471,バンダナ,3/49,0
472,ベルト,3/49,0
473,マフラー,3/49,0
474,靴下/スパッツ,3/49,0
475,傘,3/49,0
476,手袋,3/49,0
477,帽子,3/49,0
478,その他,3/49,0
922,スタイ,3/49,0
1016,バッグ,3/49,0
479,おむつ用品,3/50,0
480,おまる/補助便座,3/50,0
481,トレーニングパンツ,3/50,0
482,ベビーバス,3/50,0
483,お風呂用品,3/50,0
484,その他,3/50,0
485,ベビーカー,3/51,0
486,抱っこひも/スリング,3/51,0
487,チャイルドシート,3/51,0
488,その他,3/51,0
489,ミルク,3/52,0
490,ベビーフード,3/52,0
491,ベビー用食器,3/52,0
492,その他,3/52,0
493,ベッド,3/53,0
494,布団/毛布,3/53,0
495,イス,3/53,0
496,たんす,3/53,0
497,その他,3/53,0
498,おふろのおもちゃ,3/54,0
499,がらがら,3/54,0
500,オルゴール,3/54,0
501,ベビージム,3/54,0
502,手押し車/カタカタ,3/54,0
503,その他,3/54,0
921,知育玩具,3/54,0
951,絵本,3/54,0
504,お宮参り用品,3/55,0
505,お食い初め用品,3/55,0
506,アルバム,3/55,0
507,手形/足形,3/55,0
508,その他,3/55,0
509,母子手帳用品,3/56,0
510,その他,3/56,0
511,食器,4/57,0
512,カトラリー(スプーン等),4/57,0
513,テーブル用品,4/57,0
514,調理器具,4/57,0
515,アルコールグッズ,4/57,0
516,収納/キッチン雑貨,4/57,0
517,浄水機,4/57,0
518,弁当用品,4/57,0
519,容器,4/57,0
520,その他,4/57,0
1048,エプロン,4/57,0
521,セミシングルベッド,4/58,0
522,シングルベッド,4/58,0
523,セミダブルベッド,4/58,0
524,ダブルベッド,4/58,0
525,ワイドダブルベッド,4/58,0
526,クイーンベッド,4/58,0
527,キングベッド,4/58,0
528,脚付きマットレスベッド,4/58,0
529,マットレス,4/58,0
530,すのこベッド,4/58,0
531,ロフトベッド/システムベッド,4/58,0
532,簡易ベッド/折りたたみベッド,4/58,0
533,収納付き,4/58,0
534,その他,4/58,0
535,ソファセット,4/59,0
536,シングルソファ,4/59,0
537,ラブソファ,4/59,0
538,トリプルソファ,4/59,0
539,オットマン,4/59,0
540,コーナーソファ,4/59,0
541,ビーズソファ/クッションソファ,4/59,0
542,ローソファ/フロアソファ,4/59,0
543,ソファベッド,4/59,0
544,応接セット,4/59,0
545,ソファカバー,4/59,0
546,リクライニングソファ,4/59,0
547,その他,4/59,0
548,一般,4/60,0
549,スツール,4/60,0
550,ダイニングチェア,4/60,0
551,ハイバックチェア,4/60,0
552,ロッキングチェア,4/60,0
553,座椅子,4/60,0
554,折り畳みイス,4/60,0
555,その他,4/60,0
925,デスクチェア,4/60,0
556,こたつ,4/61,0
557,カウンターテーブル,4/61,0
558,サイドテーブル,4/61,0
559,センターテーブル,4/61,0
560,ダイニングテーブル,4/61,0
561,座卓/ちゃぶ台,4/61,0
562,アウトドア用,4/61,0
563,パソコン用,4/61,0
564,事務机/学習机,4/61,0
565,その他,4/61,0
566,リビング収納,4/62,0
567,キッチン収納,4/62,0
568,玄関/屋外収納,4/62,0
569,バス/トイレ収納,4/62,0
570,本収納,4/62,0
571,本/CD/DVD収納,4/62,0
572,洋服タンス/押入れ収納,4/62,0
573,電話台/ファックス台,4/62,0
574,ドレッサー/鏡台,4/62,0
575,棚/ラック,4/62,0
576,ケース/ボックス,4/62,0
577,その他,4/62,0
578,ラグ,4/63,0
579,カーペット,4/63,0
580,ホットカーペット,4/63,0
581,玄関/キッチンマット,4/63,0
582,トイレ/バスマット,4/63,0
583,その他,4/63,0
584,カーテン,4/64,0
585,ブラインド,4/64,0
586,ロールスクリーン,4/64,0
587,のれん,4/64,0
588,その他,4/64,0
589,蛍光灯/電球,4/65,0
590,天井照明,4/65,0
591,フロアスタンド,4/65,0
592,その他,4/65,0
593,布団/毛布,4/66,0
594,枕,4/66,0
595,シーツ/カバー,4/66,0
596,子供用寝具,4/66,0
597,その他,4/66,0
598,ごみ箱,4/67,0
599,ウェルカムボード,4/67,0
600,オルゴール,4/67,0
601,クッション,4/67,0
602,クッションカバー,4/67,0
603,スリッパラック,4/67,0
604,ティッシュボックス,4/67,0
605,バスケット/かご,4/67,0
606,フォトフレーム,4/67,0
607,マガジンラック,4/67,0
608,モビール,4/67,0
609,花瓶,4/67,0
610,灰皿,4/67,0
611,傘立て,4/67,0
612,小物入れ,4/67,0
613,置時計,4/67,0
614,掛時計/柱時計,4/67,0
615,鏡(立て掛け式),4/67,0
616,鏡(壁掛け式),4/67,0
617,置物,4/67,0
618,風鈴,4/67,0
619,その他,4/67,0
1101,植物/観葉植物,4/67,0
620,正月,4/68,0
621,成人式,4/68,0
622,バレンタインデー,4/68,0
623,ひな祭り,4/68,0
624,子どもの日,4/68,0
625,母の日,4/68,0
626,父の日,4/68,0
627,サマーギフト/お中元,4/68,0
628,夏/夏休み,4/68,0
629,ハロウィン,4/68,0
630,敬老の日,4/68,0
631,七五三,4/68,0
632,お歳暮,4/68,0
633,クリスマス,4/68,0
634,冬一般,4/68,0
635,その他,4/68,0
1066,邦楽,5/1065,0
1067,洋楽,5/1065,0
1068,その他,5/1065,0
636,全巻セット,5/70,0
637,少年漫画,5/70,0
638,少女漫画,5/70,0
639,青年漫画,5/70,0
640,女性漫画,5/70,0
641,その他,5/70,0
924,同人誌,5/70,0
642,文学/小説,5/71,0
643,人文/社会,5/71,0
644,ノンフィクション/教養,5/71,0
645,地図/旅行ガイド,5/71,0
646,ビジネス/経済,5/71,0
647,健康/医学,5/71,0
648,コンピュータ/IT,5/71,0
649,趣味/スポーツ/実用,5/71,0
650,住まい/暮らし/子育て,5/71,0
651,アート/エンタメ,5/71,0
652,洋書,5/71,0
653,その他,5/71,0
920,絵本,5/71,0
1047,参考書,5/71,0
654,アート/エンタメ/ホビー,5/72,0
655,ファッション,5/72,0
656,ニュース/総合,5/72,0
657,趣味/スポーツ,5/72,0
658,その他,5/72,0
659,外国映画,5/73,0
660,日本映画,5/73,0
661,アニメ,5/73,0
662,TVドラマ,5/73,0
663,ミュージック,5/73,0
664,お笑い/バラエティ,5/73,0
665,スポーツ/フィットネス,5/73,0
666,キッズ/ファミリー,5/73,0
667,その他,5/73,0
668,邦楽,5/74,0
669,洋楽,5/74,0
670,アニメ,5/74,0
671,クラシック,5/74,0
672,K-POP/アジア,5/74,0
673,キッズ/ファミリー,5/74,0
674,その他,5/74,0
675,家庭用ゲーム本体,5/75,0
676,家庭用ゲームソフト,5/75,0
677,携帯用ゲーム本体,5/75,0
678,携帯用ゲームソフト,5/75,0
679,PCゲーム,5/75,0
680,その他,5/75,0
686,興行チケット,5/77,0
687,株主優待券/割引券,5/77,0
688,その他,5/77,0
759,その他,6/1151,0
1152,化粧水/ローション,6/1151,0
1153,乳液/ミルク,6/1151,0
1154,美容液,6/1151,0
1155,クレンジング/メイク落とし,6/1151,0
1156,洗顔料,6/1151,0
1157,パック/フェイスマスク,6/1151,0
1158,フェイスクリーム,6/1151,0
1159,ジェル/ゲル,6/1151,0
1160,トライアルセット/サンプル,6/1151,0
1161,ブースター/導入液,6/1151,0
1162,リップケア,6/1151,0
1163,アイケア,6/1151,0
1164,洗顔グッズ,6/1151,0
763,チーク,6/1268,0
765,アイシャドウ,6/1268,0
766,アイライナー,6/1268,0
767,マスカラ,6/1268,0
768,口紅,6/1268,0
769,つけまつげ,6/1268,0
770,メイク道具/化粧小物,6/1268,0
771,美顔用品/美顔ローラー,6/1268,0
1049,パウダーアイブロウ,6/1268,0
1169,リップグロス,6/1268,0
1170,フェイスカラー,6/1268,0
1171,リップライナー,6/1268,0
1172,眉マスカラ,6/1268,0
1173,アイブロウペンシル,6/1268,0
1271,その他,6/1268,0
1276,トライアルセット/サンプル,6/1268,0
754,香水(男性用),6/86,0
755,香水(女性用),6/86,0
756,ユニセックス,6/86,0
757,その他,6/86,0
1056,ボディミスト,6/86,0
758,トライアルセット/サンプル,6/87,0
760,化粧下地,6/87,0
761,ファンデーション,6/87,0
762,コンシーラー,6/87,0
764,フェイスパウダー,6/87,0
772,その他,6/87,0
1168,BBクリーム,6/87,0
1269,コントロールカラー,6/87,0
1270,CCクリーム,6/87,0
773,ネイルアート用品,6/88,0
774,ネイルカラー,6/88,0
775,ネイルチップ/付け爪,6/88,0
776,手入れ用具,6/88,0
777,その他,6/88,0
1272,カラージェル,6/88,0
1273,ネイルベースコート/トップコート,6/88,0
1274,ネイルパーツ,6/88,0
1275,除光液,6/88,0
778,シャンプー,6/89,0
779,リンス,6/89,0
780,トリートメント,6/89,0
781,カラーリング剤,6/89,0
782,スタイリング剤,6/89,0
783,ブラシ,6/89,0
784,その他,6/89,0
1053,コンディショナー,6/89,0
785,オイル/クリーム,6/90,0
786,ローション,6/90,0
787,制汗/デオドラント,6/90,0
788,日焼け止め/サンオイル,6/90,0
789,入浴剤,6/90,0
790,ハンドクリーム,6/90,0
791,フットケア,6/90,0
792,その他,6/90,0
1050,ボディソープ,6/90,0
793,口臭防止/エチケット用品,6/91,0
794,歯ブラシ,6/91,0
795,その他,6/91,0
796,エッセンシャルオイル,6/92,0
797,芳香器,6/92,0
798,お香/香炉,6/92,0
799,キャンドル,6/92,0
800,その他,6/92,0
801,エクササイズ用品,6/93,0
802,ダイエット食品,6/93,0
803,体脂肪計,6/93,0
804,体重計,6/93,0
805,その他,6/93,0
806,健康用品,6/94,0
807,看護/介護用品,6/94,0
808,救急/衛生用品,6/94,0
809,その他,6/94,0
836,冷蔵庫,7/100,0
837,洗濯機,7/100,0
839,炊飯器,7/100,0
840,電子レンジ/オーブン,7/100,0
841,調理機器,7/100,0
842,衣類乾燥機,7/100,0
843,アイロン,7/100,0
846,掃除機,7/100,0
849,その他,7/100,0
1109,エスプレッソマシン,7/100,0
1110,コーヒーメーカー,7/100,0
852,その他,7/101,0
847,ヘアドライヤー,7/1132,0
848,電動歯ブラシ,7/1132,0
850,その他,7/1132,0
1133,ヘアアイロン,7/1132,0
1134,マッサージ機,7/1132,0
1135,電気シェーバー,7/1132,0
1136,美容機器,7/1132,0
838,エアコン,7/1137,0
844,空気清浄器,7/1137,0
845,加湿器,7/1137,0
1138,扇風機,7/1137,0
1139,ファンヒーター,7/1137,0
1140,除湿機,7/1137,0
1141,こたつ,7/1137,0
1142,オイルヒーター,7/1137,0
1143,ストーブ,7/1137,0
1144,ホットカーペット,7/1137,0
1145,電気ヒーター,7/1137,0
1146,電気毛布,7/1137,0
1147,その他,7/1137,0
936,Android用ケース,7/833,0
937,カバー,7/833,0
938,イヤホンジャック,7/833,0
939,ストラップ,7/833,0
940,フィルム,7/833,0
941,その他,7/833,0
1102,Android用ケース,7/833,0
1103,iPhone用ケース,7/833,0
1104,自撮り棒,7/833,0
810,デスクトップ型PC,7/95,0
811,ノートPC,7/95,0
812,PC周辺機器,7/95,0
813,その他,7/95,0
923,タブレット,7/95,0
1030,電子ブックリーダー,7/95,0
1061,PCパーツ,7/95,0
1150,ディスプレイ,7/95,0
814,デジタルカメラ,7/96,0
815,フィルムカメラ,7/96,0
816,ビデオカメラ,7/96,0
817,レンズ(単焦点),7/96,0
818,その他,7/96,0
851,防犯カメラ,7/96,0
1149,レンズ(ズーム),7/96,0
819,テレビ,7/97,0
820,ブルーレイレコーダー,7/97,0
821,DVDレコーダー,7/97,0
822,DVDプレーヤー,7/97,0
823,その他,7/97,0
1106,ブルーレイプレーヤー,7/97,0
1107,プロジェクター,7/97,0
1108,映像用ケーブル,7/97,0
824,ポータブルプレーヤー,7/98,0
825,イヤフォン,7/98,0
826,ラジオ,7/98,0
827,アンプ,7/98,0
828,スピーカー,7/98,0
829,その他,7/98,0
1105,ヘッドフォン,7/98,0
1131,ケーブル/シールド,7/98,0
830,スマートフォン本体,7/99,0
831,携帯電話本体,7/99,0
832,PHS本体,7/99,0
834,バッテリー/充電器,7/99,0
835,その他,7/99,0
854,アメリカンフットボール,8/102,0
857,サーフィン,8/102,0
859,スケートボード,8/102,0
860,ダンス/バレエ,8/102,0
861,バスケットボール,8/102,0
862,陸上競技,8/102,0
864,バドミントン,8/102,0
865,バレーボール,8/102,0
866,ボウリング,8/102,0
867,ラグビー,8/102,0
868,ボクシング,8/102,0
869,その他,8/102,0
950,フィッシング,8/102,0
1017,エクササイズ用品,8/102,0
858,ボード,8/103,9
875,その他,8/103,0
1112,バインディング,8/103,0
1113,ブーツ(男性用),8/103,3
1114,ウエア/装備(男性用),8/103,1
1115,ウエア/装備(女性用),8/103,1
1116,ウエア/装備(子ども用),8/103,6
1117,アクセサリー,8/103,0
1118,バッグ,8/103,0
1122,ブーツ(女性用),8/103,2
1123,ブーツ(子ども用),8/103,7
870,旅行用品,8/104,0
876,サプリメント,8/104,0
877,その他,8/104,0
871,自転車本体,8/1054,0
872,アクセサリー,8/1054,0
1083,ウエア,8/1054,0
1084,パーツ,8/1054,0
1085,工具/メンテナンス,8/1054,0
1086,バッグ,8/1054,0
1087,その他,8/1054,0
1096,ランニング,8/1059,0
1097,ウォーキング,8/1059,0
1098,ヨガ,8/1059,0
1099,トレーニング用品,8/1059,0
1100,その他,8/1059,0
873,登山用品,8/1069,0
874,その他,8/1069,0
1070,テント/タープ,8/1069,0
1071,ライト/ランタン,8/1069,0
1072,寝袋/寝具,8/1069,0
1073,テーブル/チェア,8/1069,0
1074,ストーブ/コンロ,8/1069,0
1075,調理器具,8/1069,0
1076,食器,8/1069,0
1060,その他,8/1077,0
1078,ロッド,8/1077,0
1079,リール,8/1077,0
1080,ルアー用品,8/1077,0
1081,ウエア,8/1077,0
1082,釣り糸/ライン,8/1077,0
853,その他,8/1088,0
1089,クラブ,8/1088,0
1090,ウエア(男性用),8/1088,0
1091,ウエア(女性用),8/1088,0
1092,バッグ,8/1088,0
1093,シューズ(男性用),8/1088,0
1094,シューズ(女性用),8/1088,0
1095,アクセサリー,8/1088,0
1119,板,8/1111,8
1120,ブーツ(男性用),8/1111,3
1121,ブーツ(女性用),8/1111,2
1124,ブーツ(子ども用),8/1111,7
1125,ビンディング,8/1111,0
1126,ストック,8/1111,0
1127,ウエア(男性用),8/1111,1
1128,ウエア(女性用),8/1111,1
1129,ウエア(子ども用),8/1111,6
1130,その他,8/1111,0
1242,ウェア,8/855,0
1243,シューズ,8/855,0
1244,グローブ,8/855,0
1245,バット,8/855,0
1246,アクセサリー,8/855,0
1247,防具,8/855,0
1248,練習機器,8/855,0
1249,記念グッズ,8/855,0
1250,応援グッズ,8/855,0
1251,その他,8/855,0
1252,ウェア,8/856,0
1253,シューズ,8/856,0
1254,ボール,8/856,0
1255,アクセサリー,8/856,0
1256,記念グッズ,8/856,0
1257,応援グッズ,8/856,0
1258,その他,8/856,0
1259,ラケット(硬式用),8/863,0
1260,ラケット(軟式用),8/863,0
1261,ウェア,8/863,0
1262,シューズ,8/863,0
1263,ボール,8/863,0
1264,アクセサリー,8/863,0
1265,記念グッズ,8/863,0
1266,応援グッズ,8/863,0
1267,その他,8/863,0
1022,各種パーツ,9/1021,0
1023,生地/糸,9/1021,0
1024,型紙/パターン,9/1021,0
1025,その他,9/1021,0
878,バッグ(男性用),9/105,0
879,バッグ(女性用),9/105,0
880,財布(男性用),9/105,0
881,財布(女性用),9/105,0
882,ファッション雑貨,9/105,0
883,その他,9/105,0
884,アクセサリー(男性用),9/106,0
886,時計(男性用),9/106,0
887,時計(女性用),9/106,0
888,その他,9/106,0
889,キッチン用品,9/107,0
890,家具,9/107,0
891,文房具,9/107,0
892,その他,9/107,0
1018,アート/写真,9/107,0
1019,アロマ/キャンドル,9/107,0
1020,フラワー/ガーデン,9/107,0
893,クラフト/布製品,9/108,0
894,おもちゃ/人形,9/108,0
895,その他,9/108,0
896,ファッション雑貨,9/109,0
897,外出用品,9/109,0
898,その他,9/109,0
1028,ネームタグ,9/109,0
1029,スタイ/よだれかけ,9/109,0
1205,Ingress,9/1204,0
1209,クリエイターズ宇宙兄弟,9/1204,0
1277,ミリシタ1周年,9/1204,0
942,ピアス,9/885,0
943,イヤリング,9/885,0
944,ネックレス,9/885,0
945,ブレスレット,9/885,0
946,リング,9/885,0
947,チャーム,9/885,0
948,その他,9/885,0
1026,ヘアゴム,9/885,0
1027,アンクレット,9/885,0
1005,ショッピング,952/1004,0
1006,レストラン/食事券,952/1004,0
1007,フード/ドリンク券,952/1004,0
1008,宿泊券,952/1004,0
1009,その他,952/1004,0
1011,航空券,952/1010,0
1012,鉄道乗車券,952/1010,0
1013,その他,952/1010,0
954,男性アイドル,952/953,0
955,女性アイドル,952/953,0
956,韓流,952/953,0
957,国内アーティスト,952/953,0
958,海外アーティスト,952/953,0
959,音楽フェス,952/953,0
960,声優/アニメ,952/953,0
961,その他,952/953,0
963,サッカー,952/962,0
964,野球,952/962,0
965,テニス,952/962,0
966,格闘技/プロレス,952/962,0
967,相撲/武道,952/962,0
968,ゴルフ,952/962,0
969,バレーボール,952/962,0
970,バスケットボール,952/962,0
971,モータースポーツ,952/962,0
972,ウィンタースポーツ,952/962,0
973,その他,952/962,0
975,ミュージカル,952/974,0
976,演劇,952/974,0
977,伝統芸能,952/974,0
978,落語,952/974,0
979,お笑い,952/974,0
980,オペラ,952/974,0
981,サーカス,952/974,0
982,バレエ,952/974,0
983,その他,952/974,0
985,声優/アニメ,952/984,0
986,キッズ/ファミリー,952/984,0
987,トークショー/講演会,952/984,0
988,その他,952/984,0
990,邦画,952/989,0
991,洋画,952/989,0
992,その他,952/989,0
994,遊園地/テーマパーク,952/993,0
995,美術館/博物館,952/993,0
996,スキー場,952/993,0
997,ゴルフ場,952/993,0
998,フィットネスクラブ,952/993,0
999,プール,952/993,0
1000,ボウリング場,952/993,0
1001,水族館,952/993,0
1002,動物園,952/993,0
1003,その他,952/993,0
1,レディース,,0
2,メンズ,,0
3,ベビー・キッズ,,0
4,インテリア・住まい・小物,,0
5,本・音楽・ゲーム,,0
6,コスメ・香水・美容,,0
7,家電・スマホ・カメラ,,0
8,スポーツ・レジャー,,0
9,ハンドメイド,,0
10,その他,,0
952,チケット,,0
1203,自動車・オートバイ,,0
1211,おもちゃ・ホビー・グッズ,,0
